Feature,Coefficient,Abs_Impact
onehot_nominal__poutcome_success,1.6699894010020018,1.6699894010020018
onehot_nominal__month_oct,0.980230897959007,0.980230897959007
onehot_engineered__age_group_60_plus,0.8575901704112577,0.8575901704112577
onehot_nominal__month_mar,0.7932308659723204,0.7932308659723204
onehot_nominal__month_sep,0.7657585671503964,0.7657585671503964
robust_engineered__contact_month_sin,0.5217446060367275,0.5217446060367275
standard_numeric__age,-0.4920366220103067,0.4920366220103067
robust_engineered__age_squared,0.4610590711381308,0.4610590711381308
onehot_nominal__month_may,-0.41738235789288375,0.41738235789288375
engineered_binary__any_loan,-0.4023380351793729,0.4023380351793729
onehot_nominal__contact_missing,-0.4017680601850215,0.4017680601850215
onehot_nominal__contact_cellular,0.31365266057747326,0.31365266057747326
engineered_binary__contact_known,0.29898082094071937,0.29898082094071937
robust_numeric__campaign,-0.2862251034472794,0.2862251034472794
engineered_binary__credit_obligation_count,-0.2417547001218744,0.2417547001218744
robust_engineered__balance_positive_log,0.15848770696613143,0.15848770696613143
onehot_nominal__poutcome_missing,-0.1584468567654886,0.1584468567654886
onehot_nominal__housing_no,-0.10244776918350948,0.10244776918350948
robust_numeric__balance,0.08642867308447078,0.08642867308447078
robust_engineered__contact_month_cos,-0.06766822757908592,0.06766822757908592
engineered_binary__prior_contacted,0.06333432992168592,0.06333432992168592
standard_numeric__day,-0.0548285548272561,0.0548285548272561
robust_engineered__balance_per_age,0.05208098921463125,0.05208098921463125
robust_numeric__previous,0.044106335365453796,0.044106335365453796
robust_engineered__balance_debt_log,0.04006550390685946,0.04006550390685946
robust_engineered__successful_prior_contact_recency,0.03974124791076131,0.03974124791076131
robust_engineered__previous_contacts_log,0.03620434527436205,0.03620434527436205
robust_numeric__pdays,-0.02264465936511362,0.02264465936511362
robust_engineered__campaign_vs_previous_ratio,0.015840175328727283,0.015840175328727283
robust_engineered__prior_contact_recency_log,0.01219794460909836,0.01219794460909836
robust_engineered__previous_contact_intensity,-0.0027194171925521288,0.0027194171925521288
onehot_nominal__housing_yes,0.002656844845676835,0.002656844845676835
