params,mean_test_score,std_test_score,rank_test_score,mean_fit_time,std_fit_time
"{""C"": 100.0, ""gamma"": 0.01, ""kernel"": ""rbf""}",0.7178,0.0104,1,12.9226,1.1423
"{""C"": 300.0, ""gamma"": 0.01, ""kernel"": ""rbf""}",0.7172,0.0116,2,14.3475,0.5778
"{""C"": 1000.0, ""gamma"": ""scale"", ""kernel"": ""rbf""}",0.717,0.0084,3,17.5082,1.781
"{""C"": 1.0, ""gamma"": 0.1, ""kernel"": ""rbf""}",0.7164,0.0082,4,6.2082,0.3373
"{""C"": 10.0, ""gamma"": 0.01, ""kernel"": ""rbf""}",0.7129,0.0104,5,6.1143,0.4665
"{""C"": 1000.0, ""gamma"": 0.01, ""kernel"": ""rbf""}",0.7124,0.0132,6,35.8883,1.5264
"{""C"": 300.0, ""gamma"": ""scale"", ""kernel"": ""rbf""}",0.7119,0.0096,7,10.5235,0.9582
"{""C"": 10.0, ""gamma"": 0.1, ""kernel"": ""rbf""}",0.7116,0.0161,8,8.6924,0.6055
"{""C"": 1000.0, ""gamma"": 0.001, ""kernel"": ""rbf""}",0.7114,0.0101,9,8.8586,0.3425
"{""C"": 100.0, ""gamma"": ""scale"", ""kernel"": ""rbf""}",0.711,0.0094,10,10.1156,2.0748
"{""C"": 300.0, ""gamma"": 0.001, ""kernel"": ""rbf""}",0.7102,0.0115,11,7.0665,0.6389
"{""C"": 100.0, ""gamma"": 0.001, ""kernel"": ""rbf""}",0.7069,0.0123,12,7.7425,0.8149
"{""C"": 10.0, ""gamma"": ""scale"", ""kernel"": ""rbf""}",0.7068,0.0115,13,5.6749,0.3108
"{""C"": 10.0, ""gamma"": 0.001, ""kernel"": ""rbf""}",0.7013,0.0095,14,5.7064,0.2821
"{""C"": 1.0, ""gamma"": 0.01, ""kernel"": ""rbf""}",0.7008,0.0082,15,5.8739,0.2829
"{""C"": 10.0, ""kernel"": ""linear""}",0.6965,0.0076,16,34.4835,5.2552
"{""C"": 1.0, ""gamma"": ""scale"", ""kernel"": ""rbf""}",0.696,0.0051,17,5.7847,0.2521
"{""C"": 1.0, ""kernel"": ""linear""}",0.6955,0.0076,18,9.8704,0.8304
"{""C"": 0.1, ""kernel"": ""linear""}",0.695,0.0092,19,7.1296,0.885
"{""C"": 0.1, ""gamma"": 0.1, ""kernel"": ""rbf""}",0.6915,0.006,20,5.9856,0.2991
"{""C"": 1.0, ""gamma"": 0.001, ""kernel"": ""rbf""}",0.6812,0.0098,21,5.9216,0.1259
"{""C"": 0.1, ""gamma"": 0.01, ""kernel"": ""rbf""}",0.6811,0.0094,22,5.637,0.597
"{""C"": 1.0, ""gamma"": 1.0, ""kernel"": ""rbf""}",0.6809,0.0106,23,8.0441,0.372
"{""C"": 100.0, ""gamma"": 0.1, ""kernel"": ""rbf""}",0.6795,0.0101,24,19.7962,2.7549
"{""C"": 300.0, ""gamma"": 0.1, ""kernel"": ""rbf""}",0.6691,0.0056,25,28.8252,1.2268
"{""C"": 1000.0, ""gamma"": 0.1, ""kernel"": ""rbf""}",0.6491,0.0062,26,67.5625,9.823
"{""C"": 10.0, ""gamma"": 1.0, ""kernel"": ""rbf""}",0.6488,0.0088,27,13.3306,2.1327
"{""C"": 1000.0, ""gamma"": 1.0, ""kernel"": ""rbf""}",0.6366,0.0078,28,13.2609,1.8813
"{""C"": 100.0, ""gamma"": 1.0, ""kernel"": ""rbf""}",0.6358,0.0052,29,12.0526,1.5747
"{""C"": 300.0, ""gamma"": 1.0, ""kernel"": ""rbf""}",0.6353,0.0084,30,10.7877,1.2955
"{""C"": 0.1, ""gamma"": ""scale"", ""kernel"": ""rbf""}",0.6273,0.0111,31,5.2763,0.6306
"{""C"": 0.1, ""gamma"": 0.001, ""kernel"": ""rbf""}",0.5828,0.0111,32,5.3934,0.46
"{""C"": 0.1, ""gamma"": 1.0, ""kernel"": ""rbf""}",0.3817,0.0048,33,7.247,0.2156
